,City,Latitude,Longitude,Temperature (F),Maximum Temperature (F),Humidity (%),Cloudiness (%),Wind Speed (mph),Country,Time,Time Zone
0,ponta do sol,32.6667,-17.1,73.44,74.01,63,5,1.43,PT,1624554574,3600
1,saskylakh,71.9167,114.0833,57.11,57.11,47,43,9.01,RU,1624554575,32400
2,mataura,-46.1927,168.8643,51.48,51.48,73,100,7.23,NZ,1624554575,43200
3,alta floresta,-9.8756,-56.0861,93.96,93.96,25,2,5.1,BR,1624554575,-14400
4,kapaa,22.0752,-159.319,73.31,80.92,80,40,9.22,US,1624554576,-36000
5,marsh harbour,26.5412,-77.0636,82.31,82.31,70,94,13.87,BS,1624554576,-14400
6,albany,42.6001,-73.9662,75.65,78.82,40,3,9.26,US,1624554577,-14400
7,port alfred,-33.5906,26.891,59.76,59.76,79,100,2.82,ZA,1624554577,7200
8,faanui,-16.4833,-151.75,80.58,80.58,69,45,15.82,PF,1624554577,-36000
9,butaritari,3.0707,172.7902,83.17,83.17,77,99,15.59,KI,1624554578,43200
10,grand gaube,-20.0064,57.6608,68.38,68.38,72,65,3.0,MU,1624554578,14400
11,vestmannaeyjar,63.4427,-20.2734,49.6,49.6,72,100,13.69,IS,1624554579,0
12,bambous virieux,-20.3428,57.7575,68.22,68.22,56,96,13.02,MU,1624554579,14400
13,talnakh,69.4865,88.3972,55.08,55.08,62,98,8.08,RU,1624554580,25200
14,tuktoyaktuk,69.4541,-133.0374,51.73,51.73,68,59,13.51,CA,1624554580,-21600
15,calolbon,13.596,124.0991,82.71,82.71,78,69,7.54,PH,1624554583,28800
16,new norfolk,-42.7826,147.0587,42.48,44.92,86,80,1.32,AU,1624554583,36000
17,rikitea,-23.1203,-134.9692,75.04,75.04,79,24,11.3,PF,1624554583,-32400
18,lata,40.1629,-8.3327,79.77,88.36,45,0,7.74,PT,1624554584,3600
19,mancio lima,-7.6142,-72.8958,92.52,92.52,40,39,1.48,BR,1624554584,-18000
20,comodoro rivadavia,-45.8667,-67.5,57.06,57.06,38,20,24.16,AR,1624554425,-10800
21,san cristobal,7.7669,-72.225,80.78,80.78,53,69,6.67,VE,1624554585,-14400
22,fort nelson,58.8053,-122.7002,70.3,70.3,45,100,3.58,CA,1624554552,-25200
23,kaitangata,-46.2817,169.8464,50.94,50.94,63,100,5.32,NZ,1624554586,43200
24,atar,20.5169,-13.0499,108.52,108.52,9,2,13.09,MR,1624554586,0
25,ribeira grande,38.5167,-28.7,72.0,72.0,83,75,12.66,PT,1624554586,0
26,doha,25.2867,51.5333,96.78,97.11,32,0,8.05,QA,1624554415,10800
27,mogadishu,2.0371,45.3438,77.88,77.88,81,100,16.04,SO,1624554587,10800
28,port elizabeth,-33.918,25.5701,57.09,57.09,72,100,2.8,ZA,1624554433,7200
29,emerald,-23.5333,148.1667,64.35,64.35,73,100,7.63,AU,1624554588,36000
30,mount isa,-20.7333,139.5,58.77,58.77,94,90,8.05,AU,1624554588,36000
31,chapais,49.7834,-74.8492,69.06,69.06,57,100,17.47,CA,1624554589,-14400
32,geraldton,-28.7667,114.6,46.81,46.81,87,1,10.36,AU,1624554589,28800
33,coos bay,43.3665,-124.2179,61.11,65.23,78,1,6.91,US,1624554590,-25200
34,merrill,45.1805,-89.6835,71.69,74.8,79,90,6.91,US,1624554540,-18000
35,nexo,55.0607,15.1306,62.69,62.69,84,100,12.48,DK,1624554590,7200
36,jamestown,42.097,-79.2353,76.06,78.39,44,1,5.01,US,1624554591,-14400
37,cape town,-33.9258,18.4232,53.87,55.27,62,2,6.2,ZA,1624554532,7200
38,charters towers,-20.1,146.2667,60.62,60.62,96,69,6.89,AU,1624554591,36000
39,kokoda,-8.8785,147.7407,73.26,73.26,94,100,0.31,PG,1624554592,36000
40,maniitsoq,65.4167,-52.9,41.07,41.07,90,97,5.1,GL,1624554592,-7200
41,atuona,-9.8,-139.0333,78.67,78.67,67,20,14.23,PF,1624554593,-34200
42,yellowknife,62.456,-114.3525,64.56,64.56,55,1,5.99,CA,1624554386,-21600
43,campeche,19.0,-90.5,94.57,94.57,39,5,5.7,MX,1624554594,-18000
44,penzance,50.1186,-5.5371,61.93,63.77,83,0,12.66,GB,1624554594,3600
45,pevek,69.7008,170.3133,36.28,36.28,81,65,11.9,RU,1624554594,43200
46,ushuaia,-54.8,-68.3,42.46,42.46,70,40,18.41,AR,1624554567,-10800
47,saldanha,-33.0117,17.9442,56.66,56.66,64,90,7.54,ZA,1624554595,7200
48,arraial do cabo,-22.9661,-42.0278,73.26,73.26,64,40,18.41,BR,1624554595,-10800
49,baykalovo,57.3981,63.7684,57.0,57.0,71,100,6.49,RU,1624554596,18000
50,hobart,-42.8794,147.3294,43.47,45.27,93,40,1.01,AU,1624554522,36000
51,altoona,40.5187,-78.3947,74.08,78.03,43,1,7.0,US,1624554328,-14400
52,high rock,26.6208,-78.2833,86.02,86.02,69,100,9.91,BS,1624554597,-14400
53,vaitape,-16.5167,-151.75,80.6,80.6,68,42,15.84,PF,1624554597,-36000
54,lingdong,46.5669,131.1453,68.43,68.43,54,98,7.2,CN,1624554597,28800
55,mahebourg,-20.4081,57.7,68.25,68.25,58,89,13.24,MU,1624554598,14400
56,moba,33.2288,105.0179,60.4,60.4,98,100,2.8,CN,1624554598,28800
57,norman wells,65.282,-126.8329,79.97,79.97,34,9,3.98,CA,1624554599,-21600
58,tateyama,34.9833,139.8667,72.09,73.15,84,100,8.12,JP,1624554599,32400
59,abu kamal,34.4506,40.9171,96.1,96.1,17,0,5.1,SY,1624554599,10800
60,cidreira,-30.1811,-50.2056,61.65,61.65,92,100,7.02,BR,1624554600,-10800
61,dunedin,-45.8742,170.5036,48.9,48.9,80,75,6.38,NZ,1624554600,43200
62,bredasdorp,-34.5322,20.0403,47.28,47.28,77,0,5.44,ZA,1624554601,7200
63,barrow,71.2906,-156.7887,37.42,37.42,87,90,9.22,US,1624554601,-28800
64,busselton,-33.65,115.3333,43.05,44.1,75,100,6.15,AU,1624554602,28800
65,qaanaaq,77.484,-69.3632,44.87,44.87,64,44,8.52,GL,1624554614,-10800
66,sri aman,1.2376,111.4621,72.41,72.41,97,100,2.59,MY,1624554614,28800
67,tuatapere,-46.1333,167.6833,51.82,51.82,97,100,5.26,NZ,1624554615,43200
68,olinda,-8.0089,-34.8553,71.33,71.33,88,75,16.11,BR,1624554615,-10800
69,malanje,-9.5402,16.341,71.26,71.26,32,50,2.37,AO,1624554616,3600
70,sinop,41.7711,34.8709,66.63,66.63,89,65,3.11,TR,1624554616,10800
71,bengkulu,-3.8004,102.2655,75.58,75.58,89,98,2.01,ID,1624554617,25200
72,meulaboh,4.1363,96.1285,76.75,76.75,90,30,4.79,ID,1624554618,25200
73,tabou,4.423,-7.3528,75.54,75.54,91,98,7.4,CI,1624554618,0
74,mar del plata,-38.0023,-57.5575,57.97,59.02,61,40,5.01,AR,1624554553,-10800
75,aswan,24.0934,32.907,99.27,99.27,11,0,11.63,EG,1624554620,7200
76,igunga,-4.2833,33.8833,75.76,75.76,38,76,4.0,TZ,1624554620,10800
77,idil,37.3411,41.8895,87.73,87.73,18,0,5.75,TR,1624554620,10800
78,bathsheba,13.2167,-59.5167,83.12,83.12,71,100,9.19,BB,1624554621,-14400
79,witu,-2.3889,40.4382,75.7,75.7,80,11,12.5,KE,1624554621,10800
80,doka,13.5167,35.7667,86.5,86.5,48,73,6.82,SD,1624554622,7200
81,ivanteyevka,55.9711,37.9208,88.41,89.26,59,31,6.2,RU,1624554622,10800
82,jucuaran,13.2539,-88.2478,80.98,82.9,48,100,2.04,SV,1624554623,-21600
83,gat,31.61,34.7642,78.82,81.39,100,0,8.14,IL,1624554623,10800
84,dudinka,69.4058,86.1778,51.24,51.24,65,59,7.29,RU,1624554624,25200
85,morant bay,17.8815,-76.4093,85.62,86.67,71,65,8.86,JM,1624554625,-18000
86,pimentel,-6.8367,-79.9342,70.0,70.09,76,90,3.0,PE,1624554625,-18000
87,tasiilaq,65.6145,-37.6368,42.96,42.96,96,100,4.45,GL,1624554625,-7200
88,carnarvon,-24.8667,113.6333,44.67,44.67,47,11,9.22,AU,1624554626,28800
89,cabo san lucas,22.8909,-109.9124,85.95,90.7,51,20,4.61,MX,1624554626,-21600
90,bluff,-46.6,168.3333,51.8,51.8,90,100,12.28,NZ,1624554627,43200
91,calama,-22.4667,-68.9333,68.49,68.49,7,0,13.8,CL,1624554627,-14400
92,mitsamiouli,-11.3847,43.2844,77.34,77.34,60,10,3.87,KM,1624554627,10800
93,punta arenas,-53.15,-70.9167,39.22,41.02,70,40,12.66,CL,1624554353,-10800
94,biak,-0.9131,122.8766,75.94,75.94,85,95,3.36,ID,1624554629,28800
95,ternate,0.8,127.4,79.88,79.88,79,17,3.38,ID,1624554629,32400
96,yerbogachen,61.2767,108.0108,67.53,67.53,67,53,6.2,RU,1624554630,28800
97,pangnirtung,66.1451,-65.7125,43.16,43.16,95,100,4.21,CA,1624554630,-14400
98,puerto ayora,-0.7393,-90.3518,82.36,82.36,74,88,12.3,EC,1624554631,-21600
99,yabelo,4.8833,38.0833,65.5,65.5,49,97,7.34,ET,1624554631,10800
100,prien,30.1819,-93.2738,88.86,89.58,74,40,1.99,US,1624554632,-18000
101,dingle,10.9995,122.6711,77.61,77.61,86,100,1.61,PH,1624554632,28800
102,pokhara,28.2333,83.9833,72.66,72.66,94,99,1.74,NP,1624554441,20700
103,hermanus,-34.4187,19.2345,47.8,54.9,68,0,7.11,ZA,1624554633,7200
104,konstantinovo,54.6628,29.2699,82.13,82.13,75,24,3.0,BY,1624554633,10800
105,port hardy,50.6996,-127.4199,59.07,59.07,83,100,8.75,CA,1624554633,-25200
106,marechal deodoro,-9.7103,-35.895,74.61,74.61,83,59,11.65,BR,1624554434,-10800
107,narsaq,60.9167,-46.05,53.82,53.82,98,100,12.12,GL,1624554634,-7200
108,castro,-24.7911,-50.0119,67.53,67.53,64,100,9.44,BR,1624554635,-10800
109,margate,51.3813,1.3862,64.78,68.97,58,40,4.0,GB,1624554635,3600
110,the valley,18.217,-63.0578,86.14,86.14,70,40,14.97,AI,1624554626,-14400
111,neyshabur,36.2133,58.7958,79.57,79.57,12,0,7.36,IR,1624554636,16200
112,cherskiy,68.75,161.3,54.43,54.43,56,78,6.69,RU,1624554636,39600
113,songea,-10.6833,35.65,57.49,57.49,75,59,2.46,TZ,1624554637,10800
114,salalah,17.0151,54.0924,80.69,80.69,89,75,8.05,OM,1624554637,14400
115,novomykolayivka,47.9781,35.9102,75.25,75.45,72,100,3.87,UA,1624554638,10800
116,santo antonio do sudoeste,-26.0736,-53.7253,66.11,66.11,79,92,7.25,BR,1624554638,-10800
117,severo-yeniseyskiy,60.3725,93.0408,49.15,49.15,97,100,3.58,RU,1624554638,25200
118,goderich,43.7501,-81.7165,80.04,80.04,62,74,18.86,CA,1624554639,-14400
119,karratha,-20.7377,116.8463,60.24,60.24,43,43,13.24,AU,1624554639,28800
120,luderitz,-26.6481,15.1594,59.59,59.59,67,0,7.11,NA,1624554640,7200
121,riyadh,24.6877,46.7219,100.54,100.54,9,10,10.54,SA,1624554558,10800
122,slave lake,55.2834,-114.769,66.29,66.29,52,23,4.14,CA,1624554640,-21600
123,labuhan,-6.8844,112.2051,79.03,79.03,85,63,5.55,ID,1624554641,25200
124,saint-philippe,-21.3585,55.7679,65.79,67.55,68,22,10.76,RE,1624554641,14400
125,aginskoye,51.1,114.53,61.25,61.25,74,97,0.85,RU,1624554642,32400
126,avera,33.194,-82.5271,80.8,82.9,51,69,11.07,US,1624554642,-14400
127,phalodi,27.1333,72.3667,97.05,97.05,31,1,19.53,IN,1624554643,19800
128,mahajanga,-15.7167,46.3167,76.15,76.15,48,4,5.32,MG,1624554643,10800
129,babu,24.4167,111.5167,76.35,76.35,94,86,2.53,CN,1624554643,28800
130,buloh kasap,2.5536,102.764,76.3,76.3,92,100,2.48,MY,1624554644,28800
131,lompoc,34.6391,-120.4579,66.79,69.85,70,90,8.05,US,1624554644,-25200
132,praia da vitoria,38.7333,-27.0667,73.65,73.65,78,75,9.06,PT,1624554645,0
133,hithadhoo,-0.6,73.0833,82.2,82.2,74,80,9.95,MV,1624554646,18000
134,placido de castro,-10.3353,-67.1856,92.59,92.59,34,7,3.56,BR,1624554646,-18000
135,damghan,36.1683,54.348,85.37,85.37,23,0,4.05,IR,1624554435,16200
136,sargatskoye,55.6101,73.4972,51.31,51.31,75,88,6.85,RU,1624554647,21600
137,kamina,-8.7386,24.9906,70.72,70.72,45,67,5.5,CD,1624554647,7200
138,dakar,14.6937,-17.4441,90.48,90.48,76,4,9.31,SN,1624554470,0
139,blairmore,49.6,-114.4353,53.53,53.92,95,100,2.89,CA,1624554648,-21600
140,barsovo,61.1667,73.1667,50.13,50.13,82,17,7.96,RU,1624554649,18000
141,bintulu,3.1667,113.0333,76.23,76.23,89,98,4.5,MY,1624554649,28800
142,katsuura,35.1333,140.3,71.24,73.11,85,100,7.43,JP,1624554649,32400
143,camana,-16.6228,-72.7111,63.86,63.86,77,87,9.8,PE,1624554650,-18000
144,luwuk,-0.9516,122.7875,76.77,76.77,88,98,2.82,ID,1624554650,28800
145,east london,-33.0153,27.9116,60.53,60.53,87,100,0.87,ZA,1624554651,7200
146,boca do acre,-8.7522,-67.3978,93.67,93.67,36,8,1.43,BR,1624554651,-14400
147,hanmer springs,-42.5167,172.8167,46.4,46.4,82,93,10.22,NZ,1624554652,43200
148,lorengau,-2.0226,147.2712,79.66,79.66,83,100,3.87,PG,1624554652,36000
149,upernavik,72.7868,-56.1549,38.44,38.44,92,100,12.57,GL,1624554652,-7200
150,aasiaat,68.7098,-52.8699,37.49,37.49,88,90,0.38,GL,1624554653,-7200
151,palmer,42.1584,-72.3287,75.79,79.48,37,20,3.0,US,1624554653,-14400
152,nyurba,63.2842,118.3319,62.49,62.49,72,80,4.68,RU,1624554653,32400
153,hilo,19.7297,-155.09,73.58,79.29,81,90,8.05,US,1624554654,-36000
154,kahului,20.8947,-156.47,74.21,78.84,73,20,0.0,US,1624554655,-36000
155,belaya gora,68.5333,146.4167,65.89,65.89,43,80,5.82,RU,1624554655,39600
156,tecolutilla,18.2833,-93.3167,84.2,84.2,63,92,6.58,MX,1624554655,-18000
157,chokurdakh,70.6333,147.9167,47.77,47.77,55,78,15.03,RU,1624554656,39600
158,teguldet,57.3064,88.1667,54.45,54.45,81,100,4.83,RU,1624554656,25200
159,lebu,-37.6167,-73.65,52.02,52.02,94,100,24.56,CL,1624554657,-14400
160,severo-kurilsk,50.6789,156.125,44.17,44.17,95,100,6.76,RU,1624554657,39600
161,tainan,22.9908,120.2133,75.13,75.87,94,75,6.91,TW,1624554441,28800
162,vanderhoof,54.0166,-124.0198,58.42,58.42,76,100,6.33,CA,1624554658,-25200
163,vaini,-21.2,-175.2,68.16,68.16,88,40,8.05,TO,1624554658,46800
164,port lincoln,-34.7333,135.8667,53.29,53.29,71,65,16.46,AU,1624554659,34200
165,bien hoa,10.95,106.8167,82.38,82.38,83,58,5.37,VN,1624554659,25200
166,ust-ilimsk,58.0006,102.6619,52.21,52.21,94,52,3.22,RU,1624554659,28800
167,kavieng,-2.5744,150.7967,80.89,80.89,78,100,3.76,PG,1624554660,36000
168,touros,-5.1989,-35.4608,86.9,86.9,56,51,16.42,BR,1624554660,-10800
169,dikson,73.5069,80.5464,31.95,31.95,91,27,20.85,RU,1624554660,25200
170,cockburn town,21.4612,-71.1419,84.16,84.16,65,40,13.8,TC,1624554638,-14400
171,tamiahua,21.2667,-97.45,85.87,85.87,72,100,8.03,MX,1624554661,-18000
172,la ronge,55.1001,-105.2842,63.05,63.05,40,1,11.61,CA,1624554662,-21600
173,conceicao do araguaia,-8.2578,-49.2647,90.54,90.54,39,18,5.91,BR,1624554662,-10800
174,georgetown,5.4112,100.3354,82.78,82.89,82,20,0.0,MY,1624554654,28800
175,mangai,-4.05,19.5333,82.13,82.13,44,74,1.68,CD,1624554663,3600
176,hamilton,39.1834,-84.5333,82.33,84.99,57,20,1.01,US,1624554633,-14400
177,sao filipe,14.8961,-24.4956,76.15,76.15,70,24,15.84,CV,1624554663,-3600
178,matara,5.9485,80.5353,78.6,78.6,87,8,10.25,LK,1624554664,19800
179,inhambane,-23.865,35.3833,71.19,71.19,71,30,8.61,MZ,1624554664,7200
180,tumpat,6.1978,102.171,79.5,79.5,83,65,2.06,MY,1624554665,28800
181,altamira,-3.2033,-52.2064,88.27,88.27,53,15,3.02,BR,1624554375,-10800
182,panama city,8.9936,-79.5197,87.03,90.18,65,98,5.99,PA,1624554665,-18000
183,granada,37.25,-3.25,78.71,85.95,31,1,10.04,ES,1624554665,7200
184,saint anthony,45.0205,-93.218,82.71,85.86,68,1,1.99,US,1624554666,-18000
185,acarau,-2.8856,-40.12,85.78,85.78,56,20,16.75,BR,1624554666,-10800
186,codrington,-38.2667,141.9667,51.6,51.6,84,83,7.9,AU,1624554667,36000
187,kodiak,57.79,-152.4072,49.51,49.51,87,90,9.22,US,1624554667,-28800
188,pavilosta,56.8879,21.1859,71.51,71.51,87,52,9.1,LV,1624554668,10800
189,pestretsy,55.7531,49.6545,84.34,84.34,76,58,4.25,RU,1624554668,10800
190,mount gambier,-37.8333,140.7667,47.03,47.03,95,88,2.84,AU,1624554669,34200
191,kyzyl-suu,42.3414,78.0056,56.86,56.86,66,61,6.29,KG,1624554669,21600
192,daudnagar,25.0333,84.4,89.28,89.28,64,100,6.29,IN,1624554670,19800
193,kisangani,0.5167,25.2,78.75,78.75,63,100,0.25,CD,1624554670,7200
194,ancud,-41.8697,-73.8203,47.93,51.33,78,59,15.59,CL,1624554670,-14400
195,henties bay,-22.116,14.2845,59.86,59.86,79,0,8.16,NA,1624554671,7200
196,chuy,-33.6971,-53.4616,58.3,58.3,96,100,15.12,UY,1624554671,-10800
197,ozernovskiy,51.5,156.5167,43.32,43.32,99,100,4.43,RU,1624554672,43200
198,vila franca do campo,37.7167,-25.4333,68.41,68.41,79,100,10.63,PT,1624554672,0
199,thompson,55.7435,-97.8558,60.24,60.24,29,59,14.18,CA,1624554673,-18000
200,san patricio,28.017,-97.5169,89.76,93.29,59,31,15.75,US,1624554673,-18000
201,avarua,-21.2078,-159.775,73.45,73.45,94,90,9.22,CK,1624554673,-36000
202,kapit,2.0167,112.9333,72.57,72.57,94,84,0.98,MY,1624554674,28800
203,ust-barguzin,53.45,108.9833,49.66,49.66,99,68,0.67,RU,1624554674,28800
204,belgrade,44.804,20.4651,92.88,94.66,43,40,1.14,RS,1624554479,7200
205,juneau,58.3019,-134.4197,57.38,59.0,94,90,8.01,US,1624554591,-28800
206,saint-leu,-21.15,55.2833,62.87,67.03,88,23,5.48,RE,1624554675,14400
207,caravelas,-17.7125,-39.2481,76.33,76.33,56,59,9.69,BR,1624554676,-10800
208,lincoln,40.8,-96.667,82.36,86.29,67,1,1.01,US,1624554661,-18000
209,sorsk,54.0033,90.2467,47.93,47.93,91,100,1.5,RU,1624554676,25200
210,iqaluit,63.7506,-68.5145,40.69,40.69,80,12,8.01,CA,1624554676,-14400
211,izhma,65.0083,53.9113,69.69,69.69,68,75,1.97,RU,1624554677,10800
212,bontang,0.1333,117.5,80.04,80.04,80,34,3.29,ID,1624554677,28800
213,dwarka,22.2394,68.9678,83.95,83.95,71,88,17.56,IN,1624554678,19800
214,mizan teferi,6.9833,35.5833,60.64,60.64,96,70,2.59,ET,1624554678,10800
215,itarema,-2.9248,-39.9167,85.05,85.05,58,21,17.25,BR,1624554480,-10800
216,shimoda,34.6667,138.95,66.11,70.16,87,100,2.42,JP,1624554679,32400
217,hofn,64.2539,-15.2082,50.49,50.49,72,78,9.28,IS,1624554679,0
218,mackay,-21.15,149.2,64.69,64.69,89,42,6.42,AU,1624554679,36000
219,butembo,0.15,29.2833,59.09,59.09,87,95,2.66,CD,1624554680,7200
220,qaqortoq,60.7167,-46.0333,54.1,54.1,98,100,24.83,GL,1624554680,-7200
221,ilulissat,69.2167,-51.1,46.42,46.42,57,20,10.36,GL,1624554680,-7200
222,bida,9.0833,6.0167,87.46,87.46,51,100,5.03,NG,1624554681,3600
223,hirara,24.8,125.2833,80.87,80.87,84,42,19.57,JP,1624554681,32400
224,nadym,65.5333,72.5167,50.52,50.52,67,22,4.9,RU,1624554682,18000
225,half moon bay,37.4636,-122.4286,63.7,68.9,74,75,6.91,US,1624554682,-25200
226,general cepeda,25.3833,-101.45,78.21,78.21,44,89,6.42,MX,1624554545,-18000
227,porto velho,-8.7619,-63.9039,87.85,87.85,55,40,2.3,BR,1624554683,-14400
228,elko,41.0002,-115.5012,74.68,77.02,28,100,5.01,US,1624554450,-25200
229,grindavik,63.8424,-22.4338,50.47,50.56,87,90,11.5,IS,1624554683,0
230,khatanga,71.9667,102.5,64.78,64.78,55,99,7.18,RU,1624554684,25200
231,velizh,55.6056,31.1967,81.66,81.66,73,61,4.94,RU,1624554684,10800
232,ponta delgada,37.7333,-25.6667,68.72,68.72,73,75,9.22,PT,1624554685,0
233,ust-maya,60.4167,134.5333,54.37,54.37,91,2,1.01,RU,1624554685,32400
234,miles city,46.4083,-105.8406,86.97,86.97,26,1,8.05,US,1624554685,-21600
235,ketchikan,55.3422,-131.6461,55.35,55.35,98,100,4.52,US,1624554533,-28800
236,qrendi,35.8347,14.4583,89.26,89.26,48,0,9.22,MT,1624554686,7200
237,staryy nadym,65.6118,72.6842,50.83,50.83,66,24,4.03,RU,1624554686,18000
238,nabire,-3.3667,135.4833,74.84,74.84,93,52,3.8,ID,1624554687,32400
239,aklavik,68.2191,-135.0107,72.82,72.82,46,7,0.89,CA,1624554688,-21600
240,olafsvik,64.8945,-23.7142,48.74,48.74,77,100,13.62,IS,1624554688,0
241,kenora,49.8167,-94.4337,71.78,71.78,46,38,8.99,CA,1624554688,-18000
242,laguna,38.421,-121.4238,70.47,79.25,60,1,5.99,US,1624554689,-25200
243,danilovka,50.3557,44.1168,79.25,79.25,65,99,8.97,RU,1624554689,10800
244,south venice,27.0531,-82.4243,87.21,90.05,65,75,6.91,US,1624554689,-14400
245,khambhaliya,22.2072,69.6683,85.98,85.98,61,73,15.84,IN,1624554690,19800
246,lubbock,33.6001,-101.8338,88.61,89.38,47,40,10.36,US,1624554167,-18000
247,alekseyevskaya,50.2896,42.1845,80.06,80.06,67,95,7.85,RU,1624554690,10800
248,husavik,66.0449,-17.3389,54.1,54.1,54,97,5.86,IS,1624554691,0
249,yumen,40.2833,97.2,76.14,76.14,20,79,6.38,CN,1624554691,28800
250,fairbanks,64.8378,-147.7164,67.93,71.1,46,1,4.0,US,1624554692,-28800
251,dhidhdhoo,6.8833,73.1,82.51,82.51,77,91,17.74,MV,1624554692,18000
252,gibsons,49.3997,-123.5027,70.72,75.33,77,88,2.42,CA,1624554692,-25200
253,tura,25.5198,90.2201,74.39,74.39,96,73,5.95,IN,1624554693,19800
254,kungurtug,50.5994,97.5228,48.29,48.29,51,24,2.46,RU,1624554693,25200
255,klaksvik,62.2266,-6.589,47.32,47.32,77,62,22.93,FO,1624554694,3600
256,staritsa,56.5075,34.9354,74.75,74.75,77,52,5.23,RU,1624554694,10800
257,kaoma,-14.7833,24.8,64.47,64.47,40,4,4.07,ZM,1624554694,7200
258,tamandare,-8.7597,-35.1047,78.93,78.93,74,58,12.88,BR,1624554697,-10800
259,kurchum,48.5722,83.6542,54.55,54.55,81,100,6.89,KZ,1624554697,21600
260,druzhba,52.0428,33.9453,81.59,81.59,77,38,4.99,UA,1624554697,10800
261,healesville,-37.65,145.5167,53.33,54.9,80,95,3.0,AU,1624554698,36000
262,unai,-16.3575,-46.9061,85.5,85.5,31,0,6.4,BR,1624554698,-10800
263,airai,-8.9266,125.4092,58.8,58.8,94,78,2.42,TL,1624554699,32400
264,waipawa,-41.4122,175.5153,51.75,54.03,75,99,22.97,NZ,1624554699,43200
265,kununurra,-15.7667,128.7333,73.38,73.38,35,75,8.05,AU,1624554696,28800
266,portland,45.5234,-122.6762,69.89,74.08,63,40,1.01,US,1624554422,-25200
267,santo angelo,-28.2992,-54.2631,60.03,60.03,97,100,7.38,BR,1624554700,-10800
268,moose factory,51.2585,-80.6094,75.96,75.96,44,62,7.27,CA,1624554701,-14400
269,tiksi,71.6872,128.8694,32.81,32.81,89,89,5.68,RU,1624554701,32400
270,west richland,46.3043,-119.3614,83.23,86.81,32,1,1.01,US,1624554702,-25200
271,niquero,20.0431,-77.5828,85.03,85.03,62,98,2.59,CU,1624554702,-14400
272,mamburao,13.25,120.6667,77.86,77.86,82,96,2.28,PH,1624554702,28800
273,bethel,41.3712,-73.414,74.79,79.0,45,1,1.01,US,1624554703,-14400
274,venado tuerto,-33.7456,-61.9688,60.17,63.9,42,0,11.74,AR,1624554703,-10800
275,naze,28.3667,129.4833,72.41,72.41,78,75,5.08,JP,1624554417,32400
276,bokoro,12.3807,17.0568,92.46,92.46,37,98,7.67,TD,1624554704,3600
277,kysyl-syr,63.8986,122.7617,60.49,60.49,77,41,5.01,RU,1624554704,32400
278,save,8.0425,2.486,85.08,85.08,60,96,5.7,BJ,1624554705,3600
279,esperance,-33.8667,121.9,52.34,52.34,75,67,1.95,AU,1624554666,28800
280,ormara,25.2088,64.6357,82.56,82.56,83,9,18.25,PK,1624554705,18000
281,sioux lookout,50.1001,-91.917,71.65,71.65,40,13,8.48,CA,1624554705,-18000
282,port blair,11.6667,92.75,82.63,82.63,77,100,14.65,IN,1624554706,19800
283,torbay,47.6666,-52.7314,63.23,71.89,74,0,3.0,CA,1624554706,-9000
284,port pirie,-33.1833,138.0167,50.83,50.83,89,95,11.43,AU,1624554707,34200
285,mutare,-18.9707,32.6709,58.71,58.71,52,3,0.87,ZW,1624554707,7200
286,tazovskiy,67.4667,78.7,44.42,44.42,76,72,7.72,RU,1624554708,18000
287,ixtapa,20.7,-105.2,78.03,79.23,89,90,4.61,MX,1624554708,-18000
288,artyom,40.4723,50.333,84.34,84.34,44,0,5.82,AZ,1624554709,14400
289,fare,-16.7,-151.0167,80.35,80.35,69,5,16.4,PF,1624554709,-36000
290,novobirilyussy,56.9514,90.6661,52.84,52.84,93,97,1.68,RU,1624554709,25200
291,hami,42.8,93.45,83.32,83.32,17,0,4.92,CN,1624554710,28800
292,forbes,-33.3833,148.0167,47.19,47.19,86,0,6.29,AU,1624554710,36000
293,sao joao da barra,-21.6403,-41.0511,71.69,71.69,62,84,10.83,BR,1624554711,-10800
294,edd,13.9297,41.6925,88.43,88.43,71,100,5.84,ER,1624554712,10800
295,gazimurskiy zavod,51.5461,118.3266,58.46,58.46,86,61,3.13,RU,1624554712,32400
296,xam nua,20.4197,104.0439,69.01,69.01,92,98,2.08,LA,1624554713,25200
297,ichhawar,23.0167,77.0167,74.95,74.95,90,96,7.65,IN,1624554713,19800
298,nhlangano,-27.1167,31.2,53.94,53.94,57,1,2.86,SZ,1624554714,7200
299,kibala,9.1104,18.3463,74.52,74.52,79,99,3.71,TD,1624554714,3600
300,yukhnov,54.7444,35.2297,78.8,78.8,73,4,4.12,RU,1624554715,10800
301,dali,25.7,100.1833,65.52,65.52,90,100,4.83,CN,1624554715,28800
302,buchanan,5.8808,-10.0467,76.6,76.6,88,99,6.55,LR,1624554716,0
303,kutum,14.2,24.6667,89.62,89.62,16,44,11.5,SD,1624554716,7200
304,smila,49.2224,31.8871,78.93,78.93,72,74,3.74,UA,1624554717,10800
305,yaan,7.3833,8.5667,80.73,80.73,77,71,1.3,NG,1624554717,3600
306,sao gabriel da cachoeira,-0.1303,-67.0892,86.95,86.95,59,28,2.8,BR,1624554717,-14400
307,kidal,18.4411,1.4078,100.87,100.87,17,81,4.56,ML,1624554718,0
308,safford,32.834,-109.7076,90.19,90.52,31,1,11.5,US,1624554718,-25200
309,deputatskiy,69.3,139.9,53.55,53.55,63,12,4.25,RU,1624554719,36000
310,ardalstangen,61.2371,7.6983,72.01,77.43,53,71,5.7,NO,1624554719,7200
311,lardos,36.0942,28.0157,85.82,85.82,62,0,14.52,GR,1624554720,10800
312,saposoa,-6.934,-76.7716,85.01,85.01,47,9,3.29,PE,1624554720,-18000
313,liverpool,53.4106,-2.9779,65.41,70.68,69,0,7.0,GB,1624554586,3600
314,ribeira brava,32.65,-17.0667,73.56,74.01,65,4,2.21,PT,1624554721,3600
315,lazaro cardenas,17.9583,-102.2,82.69,82.69,73,100,1.41,MX,1624554722,-18000
316,mumford,5.2618,-0.759,79.07,79.07,77,65,8.37,GH,1624554722,0
317,les cayes,18.2,-73.75,83.52,83.52,67,100,7.96,HT,1624554722,-14400
318,erzurum,40.0,41.5,74.88,74.88,34,0,2.04,TR,1624554723,10800
319,batagay,67.6333,134.6333,52.97,52.97,68,99,4.92,RU,1624554723,36000
320,andra,62.5147,65.8878,60.01,60.01,64,3,4.99,RU,1624554724,18000
321,jiuquan,39.7432,98.5174,72.41,72.41,36,99,6.49,CN,1624554724,28800
322,mapiripan,2.8892,-72.1256,84.96,84.96,63,52,4.14,CO,1624554725,-18000
323,mehamn,71.0357,27.8492,48.11,50.18,70,75,6.76,NO,1624554725,7200
324,samarai,-10.6167,150.6667,78.26,78.26,80,100,13.04,PG,1624554726,36000
325,port macquarie,-31.4333,152.9167,54.37,54.37,76,99,7.09,AU,1624554726,36000
326,san rafael,-34.6177,-68.3301,58.6,58.6,37,73,12.8,AR,1624554543,-10800
327,jiaozhou,36.2839,120.0033,70.41,70.41,76,100,8.9,CN,1624554727,28800
328,diu,20.7141,70.9822,84.02,84.02,76,60,15.61,IN,1624554727,19800
329,noumea,-22.2763,166.4572,71.01,71.01,99,62,10.04,NC,1624554727,39600
330,chimbote,-9.0853,-78.5783,66.94,66.94,76,91,8.97,PE,1624554684,-18000
331,nanortalik,60.1432,-45.2371,47.84,47.84,96,100,24.79,GL,1624554728,-7200
332,ocos,14.5094,-92.1933,90.25,93.31,70,100,3.78,GT,1624554728,-21600
333,beian,63.6559,9.5683,54.18,60.57,87,75,3.44,NO,1624554729,7200
334,hohhot,40.8106,111.6522,64.0,64.0,86,100,2.8,CN,1624554729,28800
335,liezen,47.5667,14.2333,72.68,74.84,55,23,2.98,AT,1624554730,7200
336,vila,42.0304,-8.1588,73.72,75.33,34,3,3.98,PT,1624554730,3600
337,fortuna,40.5982,-124.1573,56.34,61.86,96,90,3.44,US,1624554729,-25200
338,naryan-mar,67.6713,53.087,47.79,47.79,64,98,13.85,RU,1624554731,10800
339,ronneby,56.21,15.276,68.5,68.5,83,75,5.75,SE,1624554732,7200
340,coihaique,-45.5752,-72.0662,40.95,41.61,81,75,5.75,CL,1624554732,-14400
341,itaituba,-4.2761,-55.9836,94.3,94.3,37,9,3.58,BR,1624554732,-10800
342,acquaviva,43.9459,12.4185,82.83,89.42,55,20,3.0,SM,1624554733,7200
343,mormugao,15.4,73.8,79.84,79.84,81,100,12.68,IN,1624554733,19800
344,rio bueno,-40.3167,-72.9667,50.14,50.14,87,89,2.55,CL,1624554734,-14400
345,hall,34.3168,-83.7832,76.33,79.97,61,75,8.05,US,1624554734,-14400
346,makakilo city,21.3469,-158.0858,74.55,76.69,70,1,4.61,US,1624554734,-36000
347,burgeo,47.6167,-57.6152,60.6,60.6,69,0,13.87,CA,1624554735,-9000
348,suntar,62.1444,117.6319,61.93,61.93,81,23,2.53,RU,1624554735,32400
349,goya,-29.14,-59.2626,65.52,65.52,60,30,9.78,AR,1624554736,-10800
350,saint george,37.1041,-113.5841,86.56,87.8,29,1,5.01,US,1624554736,-21600
351,ilinskiy,55.619,38.1182,88.77,89.31,43,0,4.47,RU,1624554736,10800
352,hasaki,35.7333,140.8333,66.72,68.29,84,83,6.96,JP,1624554737,32400
353,beisfjord,68.3751,17.5988,54.63,55.04,85,96,4.25,NO,1624554737,7200
354,bulgan,48.8125,103.5347,56.68,56.68,90,100,4.97,MN,1624554738,28800
355,omboue,-1.5746,9.2618,75.83,75.83,82,98,9.31,GA,1624554738,3600
356,lyaskelya,61.7667,31.0167,64.36,64.36,96,100,2.91,RU,1624554739,10800
357,qandala,11.472,49.8728,87.85,87.85,66,100,0.65,SO,1624554739,10800
358,birao,10.2849,22.7882,83.1,83.1,55,96,3.8,CF,1624554739,3600
359,riohacha,11.5444,-72.9072,87.51,87.51,61,93,10.92,CO,1624554740,-18000
360,alice springs,-23.7,133.8833,40.55,40.55,100,40,4.61,AU,1624554741,34200
361,iskateley,67.6803,53.1512,47.7,47.7,64,99,13.87,RU,1624554741,10800
362,longyearbyen,78.2186,15.6401,39.04,39.04,81,75,10.36,SJ,1624554741,7200
363,janovice nad uhlavou,49.3451,13.2181,71.26,74.86,70,53,6.24,CZ,1624554742,7200
364,gamba,-2.65,10.0,75.16,75.16,81,27,8.01,GA,1624554742,3600
365,sinnamary,5.3833,-52.95,82.02,82.02,72,71,2.91,GF,1624554743,-10800
366,nizhniy kuranakh,58.8353,125.4869,59.09,59.09,97,95,3.38,RU,1624554743,32400
367,yuryuzan,54.8633,58.4219,59.77,59.77,58,17,3.15,RU,1624554743,18000
368,yacuiba,-22.038,-63.6797,71.94,71.94,37,42,10.16,BO,1624554744,-14400
369,myanaung,18.2833,95.3167,78.24,78.24,81,100,4.12,MM,1624554486,23400
370,manama,26.2154,50.5832,93.18,98.78,33,0,2.3,BH,1624554744,10800
371,sorong,-0.8833,131.25,77.54,77.54,85,50,3.33,ID,1624554745,32400
372,sept-iles,50.2001,-66.3821,63.05,66.25,68,61,11.01,CA,1624554620,-14400
373,banda aceh,5.5577,95.3222,79.39,79.39,82,54,6.55,ID,1624554745,25200
374,didao,45.3667,130.8,64.42,64.42,73,69,4.27,CN,1624554746,28800
375,constitucion,-35.3333,-72.4167,55.11,55.11,80,100,9.1,CL,1624554746,-14400
376,khandyga,62.6667,135.6,56.41,56.41,85,1,0.69,RU,1624554746,32400
377,longonjo,-12.9067,15.2533,67.42,67.42,31,2,2.59,AO,1624554747,3600
378,lagoa,39.05,-27.9833,67.41,67.41,87,100,11.18,PT,1624554747,0
379,atbasar,51.8,68.3333,54.28,54.28,69,100,6.6,KZ,1624554747,21600
380,alta,69.9689,23.2717,55.27,56.46,69,40,5.99,NO,1624554748,7200
381,acaponeta,22.4964,-105.3594,92.07,92.07,52,69,4.27,MX,1624554748,-21600
382,mogzon,51.7435,111.9606,55.09,55.09,94,87,1.52,RU,1624554749,32400
383,souillac,-20.5167,57.5167,68.36,68.36,62,88,13.22,MU,1624554749,14400
384,koslan,63.4564,48.8989,68.99,68.99,88,77,3.04,RU,1624554750,10800
385,canakkale,40.0833,26.8333,81.18,83.01,66,0,5.32,TR,1624554750,10800
386,bronnoysund,65.4625,12.1997,51.4,55.92,87,75,5.75,NO,1624554750,7200
387,fowa,8.9167,6.4,87.01,87.01,53,97,5.1,NG,1624554751,3600
388,palora,-1.7,-77.9333,78.91,82.38,51,70,4.21,EC,1624554751,-18000
389,clyde river,70.4692,-68.5914,37.02,37.02,99,62,3.11,CA,1624554752,-14400
390,kruisfontein,-34.0033,24.7314,54.88,54.88,84,82,2.19,ZA,1624554752,7200
391,nemuro,43.3236,145.575,52.03,52.03,96,16,9.62,JP,1624554752,32400
392,ous,60.9058,61.5186,58.08,58.08,97,76,0.67,RU,1624554753,18000
393,amahai,-3.3333,128.9167,77.65,77.65,89,51,2.62,ID,1624554753,32400
394,contamana,-7.3333,-75.0167,92.48,92.48,39,33,2.3,PE,1624554754,-18000
395,khasan,42.4308,130.6434,59.67,59.67,91,3,0.54,RU,1624554754,36000
396,wanning,18.8003,110.3967,82.98,82.98,85,100,10.13,CN,1624554754,28800
397,tocopilla,-22.092,-70.1979,67.28,67.28,59,15,6.82,CL,1624554755,-14400
398,coihueco,-36.6167,-71.8333,52.54,52.54,94,90,11.5,CL,1624554755,-14400
399,zapadnaya dvina,56.259,32.0745,80.96,80.96,63,90,4.38,RU,1624554755,10800
400,amparo,-22.7011,-46.7644,74.73,82.09,37,43,5.79,BR,1624554756,-10800
401,tsabong,-26.0217,22.401,64.96,64.96,30,0,6.53,BW,1624554756,7200
402,kamaishi,39.2667,141.8833,62.94,62.94,93,43,6.64,JP,1624554757,32400
403,gornyak,50.9942,81.4661,50.32,50.32,94,100,11.86,RU,1624554757,25200
404,dubasari,47.2631,29.1608,88.59,88.59,71,44,7.54,MD,1624554757,10800
405,ambur,12.7833,78.7,85.55,85.55,40,84,5.5,IN,1624554758,19800
406,viedma,-40.8135,-62.9967,60.28,60.28,37,79,21.5,AR,1624554758,-10800
407,te anau,-45.4167,167.7167,50.59,50.59,96,100,7.54,NZ,1624554759,43200
408,chardara,41.2547,67.9692,82.63,82.63,33,37,15.7,KZ,1624554759,21600
409,nikolskoye,59.7035,30.7861,74.77,76.01,82,64,5.28,RU,1624554760,10800
410,banja luka,44.7758,17.1856,97.97,97.97,39,18,5.79,BA,1624554761,7200
411,myitkyina,25.3833,97.4,74.23,74.23,99,100,1.41,MM,1624554761,23400
412,victoria,22.2855,114.1577,79.88,80.65,92,99,1.01,HK,1624554485,28800
413,tricase,39.9304,18.3553,90.5,90.5,35,63,7.76,IT,1624554762,7200
414,luanda,-8.8368,13.2343,74.12,74.12,78,29,14.76,AO,1624554756,3600
415,rocha,-34.4833,-54.3333,57.2,57.2,95,100,17.36,UY,1624554529,-10800
416,byron bay,-28.65,153.6167,59.04,66.15,83,100,12.46,AU,1624554710,36000
417,bourail,-21.5667,165.4833,67.1,67.1,67,52,6.4,NC,1624554764,39600
418,tilichiki,60.4667,166.1,51.82,51.82,74,61,5.06,RU,1624554765,43200
419,nishihara,26.1842,127.7558,75.7,76.66,94,75,12.66,JP,1624554765,32400
420,manokwari,-0.8667,134.0833,77.22,77.22,80,12,2.28,ID,1624554765,32400
421,manono,-7.3,27.4167,81.28,81.28,35,50,2.8,CD,1624554766,7200
422,chicama,-7.8447,-79.1469,64.94,64.94,64,36,8.86,PE,1624554766,-18000
423,riviere-au-renard,48.9957,-64.3971,68.52,68.52,46,17,12.12,CA,1624554767,-14400
424,shelburne,44.0787,-80.2041,76.33,77.52,48,71,18.45,CA,1624554760,-14400
425,loreto,22.2667,-101.9667,70.77,70.77,53,80,10.36,MX,1624554768,-18000
426,tambacounda,13.7539,-13.7586,95.95,95.95,36,78,13.44,SN,1624554768,0
427,yekaterinoslavka,50.3734,129.1139,62.22,62.22,95,59,6.17,RU,1624554768,32400
428,praia,14.9215,-23.5087,82.94,82.94,54,20,21.85,CV,1624554769,-3600
429,korla,41.7597,86.1469,80.64,80.64,20,0,7.61,CN,1624554769,28800
430,sakaraha,-22.9,44.5333,63.75,63.75,53,48,5.61,MG,1624554770,10800
431,sao jose da coroa grande,-8.8978,-35.1478,79.39,79.39,72,50,13.24,BR,1624554770,-10800
432,mecca,21.4267,39.8261,94.82,94.82,31,71,3.53,SA,1624554627,10800
433,bahia blanca,-38.7196,-62.2724,59.95,59.95,37,70,17.27,AR,1624554616,-10800
434,killybegs,54.6333,-8.45,55.11,55.45,93,100,12.48,IE,1624554771,3600
435,leningradskiy,69.3833,178.4167,40.98,40.98,71,70,7.02,RU,1624554771,43200
436,najran,17.4924,44.1277,87.6,87.6,8,88,13.33,SA,1624554772,10800
437,north bend,43.4065,-124.2243,60.21,63.91,78,1,6.91,US,1624554772,-25200
438,nueva florida,-6.9526,-76.613,85.42,85.42,47,27,2.28,PE,1624554772,-18000
439,berbera,10.4396,45.0143,93.96,93.96,41,100,7.23,SO,1624554773,10800
440,broome,42.2506,-75.833,74.79,77.38,47,1,4.0,US,1624554773,-14400
441,wageningen,51.9667,5.6667,66.78,69.17,70,90,3.44,NL,1624554774,7200
442,berlevag,70.8578,29.0864,48.15,48.15,81,0,17.27,NO,1624554774,7200
443,mubi,10.2676,13.2644,83.86,83.86,51,89,5.57,NG,1624554774,3600
444,boyabat,41.4689,34.7667,69.8,69.8,75,81,4.65,TR,1624554553,10800
445,opuwo,-18.0607,13.84,67.55,67.55,27,0,6.64,NA,1624554775,7200
446,basco,20.4487,121.9702,80.53,80.53,81,100,19.82,PH,1624554775,28800
447,bandarbeyla,9.4942,50.8122,78.08,78.08,76,96,28.05,SO,1624554776,10800
448,chagoda,59.164,35.3285,64.54,64.54,93,46,10.42,RU,1624554776,10800
449,beringovskiy,63.05,179.3167,50.07,50.07,69,59,8.68,RU,1624554776,43200
450,bilibino,68.0546,166.4372,57.13,57.13,55,92,5.1,RU,1624554777,43200
451,vikhorevka,56.1201,101.1636,54.99,54.99,92,2,1.59,RU,1624554777,28800
452,tautira,-17.7333,-149.15,73.42,73.42,79,71,16.62,PF,1624554778,-36000
453,macheng,31.1783,115.0319,76.51,76.51,79,69,3.04,CN,1624554778,28800
454,andenes,69.3143,16.1194,51.8,55.08,82,75,10.36,NO,1624554778,7200
455,kasongo-lunda,-6.4667,16.8167,81.28,81.28,36,44,3.53,CD,1624554779,3600
456,minatitlan,17.9833,-94.5167,87.89,87.89,70,40,0.0,MX,1624554779,-18000
457,san agustin,20.5333,-103.4667,72.7,74.32,67,75,0.0,MX,1624554779,-18000
458,mahibadhoo,3.7833,72.9667,82.58,82.58,76,64,14.74,MV,1624554780,18000
459,tarko-sale,64.9225,77.785,54.73,54.73,56,94,14.58,RU,1624554780,18000
460,tezu,27.9167,96.1667,75.72,75.72,94,63,3.33,IN,1624554781,19800
461,yar-sale,66.8333,70.8333,53.94,53.94,51,5,10.96,RU,1624554781,18000
462,morondava,-20.2833,44.2833,72.79,72.79,65,0,8.32,MG,1624554782,10800
463,beira,-19.8436,34.8389,70.93,70.93,80,28,10.54,MZ,1624554782,7200
464,rajapur,25.3833,81.15,85.84,85.84,70,97,5.57,IN,1624554783,19800
465,urumqi,43.801,87.6005,74.35,74.35,27,0,6.71,CN,1624554711,28800
466,juana diaz,18.0525,-66.5066,83.39,87.03,76,91,12.59,PR,1624554784,-14400
467,tucumcari,35.1717,-103.725,91.94,91.94,20,98,12.19,US,1624554784,-21600
468,nouakchott,18.0858,-15.9785,93.13,93.13,48,2,20.85,MR,1624554664,0
469,northam,51.0333,-4.2167,64.99,71.2,90,84,10.71,GB,1624554784,3600
470,esna,25.2934,32.554,97.72,97.72,13,0,12.37,EG,1624554785,7200
471,provideniya,64.3833,-173.3,56.79,56.79,58,99,7.56,RU,1624554785,43200
472,lasa,46.6166,10.7002,76.69,78.71,51,39,7.76,IT,1624554786,7200
473,karachi,24.9056,67.0822,85.82,85.82,66,40,16.11,PK,1624554524,18000
474,claremore,36.3126,-95.6161,90.14,92.37,68,52,4.0,US,1624554786,-18000
475,stawell,-37.05,142.7667,46.62,46.62,97,100,10.22,AU,1624554787,36000
476,elat,29.5581,34.9482,96.64,96.64,21,0,13.8,IL,1624554787,10800
477,oranjemund,-28.55,16.4333,57.69,57.69,69,0,4.79,NA,1624554788,7200
478,namatanai,-3.6667,152.4333,78.26,78.26,85,55,4.7,PG,1624554788,36000
479,khorixas,-20.3667,14.9667,70.99,70.99,24,0,9.13,NA,1624554789,7200
480,tessalit,20.1986,1.0114,106.88,106.88,9,51,4.85,ML,1624554789,0
481,cochrane,51.1834,-114.4687,54.23,57.43,92,100,6.67,CA,1624554790,-21600
482,monrovia,6.3005,-10.7969,77.29,77.29,86,89,10.74,LR,1624554790,0
483,standerton,-26.9337,29.2415,52.59,52.61,46,1,4.36,ZA,1624554791,7200
484,togur,58.3631,82.8265,46.56,46.56,89,68,6.49,RU,1624554791,25200
485,karpathos,35.507,27.2132,80.56,80.56,83,0,20.71,GR,1624554530,10800
486,nanfeng,23.7434,111.7959,75.92,75.92,97,63,1.83,CN,1624554792,28800
487,hualmay,-11.0964,-77.6139,67.53,67.53,71,60,10.07,PE,1624554792,-18000
488,manta,-0.95,-80.7333,82.18,82.18,65,20,14.97,EC,1624554793,-18000
489,pisco,-13.7,-76.2167,66.25,66.25,68,90,9.22,PE,1624554793,-18000
490,wanlaweyn,2.6185,44.8938,76.87,76.87,71,99,16.91,SO,1624554794,10800
491,cayenne,4.9333,-52.3333,85.08,86.04,78,40,7.0,GF,1624554794,-10800
492,griffith,41.5284,-87.4237,75.0,79.41,65,90,1.99,US,1624554794,-18000
493,papara,-3.9839,-38.7273,84.6,86.72,42,11,6.71,BR,1624554795,-10800
494,abu samrah,35.3029,37.1841,84.74,84.74,35,0,13.2,SY,1624554795,10800
495,tongchuan,35.0806,109.0897,75.09,75.09,54,100,1.9,CN,1624554796,28800
496,aksarayskiy,46.7924,48.0119,87.75,87.75,16,67,8.23,RU,1624554796,14400
497,vostok,46.4856,135.8833,55.33,55.33,92,68,4.97,RU,1624554796,36000
498,otradnoye,59.7775,30.8181,74.82,76.17,82,66,5.01,RU,1624554797,10800
499,buala,-8.145,159.5921,79.23,79.23,82,100,7.34,SB,1624554797,39600
500,padang,-0.9492,100.3543,78.35,78.35,82,100,2.39,ID,1624554798,25200
501,jamame,0.0722,42.7506,75.43,75.43,80,98,9.4,SO,1624554798,10800
502,kirakira,-10.4544,161.9205,78.3,78.3,87,82,11.01,SB,1624554799,39600
503,thinadhoo,0.5333,72.9333,82.2,82.2,72,73,11.63,MV,1624554799,18000
504,dajal,29.5577,70.3762,103.32,103.32,16,12,15.3,PK,1624554799,18000
505,boyolangu,-8.1181,111.8935,74.7,74.7,91,90,2.24,ID,1624554800,25200
506,baculin,7.4525,126.5842,77.83,77.83,86,100,4.7,PH,1624554800,28800
507,eyl,7.9803,49.8164,79.29,79.29,74,64,22.55,SO,1624554801,10800
508,quiroga,19.6667,-101.5333,67.21,67.21,69,84,2.93,MX,1624554801,-18000
509,glauchau,50.8167,12.5333,61.93,66.38,88,90,1.99,DE,1624554802,7200
510,takoradi,4.8845,-1.7554,77.25,77.25,85,100,8.66,GH,1624554802,0
511,luena,-11.7833,19.9167,63.84,63.84,32,70,3.15,AO,1624554803,3600
512,huilong,31.8111,121.655,75.97,78.04,89,78,10.04,CN,1624554803,28800
513,ninghai,29.2892,121.4247,71.89,74.73,95,79,1.9,CN,1624554804,28800
514,san carlos de bariloche,-41.1456,-71.3082,42.55,42.55,75,40,32.21,AR,1624554636,-10800
515,erenhot,43.6475,111.9767,73.58,73.58,49,75,11.86,CN,1624554804,28800
516,shakawe,-18.3667,21.85,63.19,63.19,34,0,2.73,BW,1624554805,7200
517,santa fe,-31.6333,-60.7,60.57,61.02,68,13,4.0,AR,1624554604,-10800
518,kirya,-3.9167,37.4833,72.36,72.36,56,29,15.73,TZ,1624554805,10800
519,hammond,41.5834,-87.5,74.88,79.5,65,90,5.99,US,1624554806,-18000
520,prado,-17.3411,-39.2208,74.77,74.77,66,76,8.37,BR,1624554806,-10800
521,rawah,34.4816,41.9093,95.09,95.09,18,0,7.96,IQ,1624554807,10800
522,nuuk,64.1835,-51.7216,45.21,45.21,93,90,5.75,GL,1624554807,-7200
523,trojanovice,49.5204,18.238,74.84,81.32,72,1,3.4,CZ,1624554807,7200
524,vardo,70.3705,31.1107,46.38,48.4,87,75,9.22,NO,1624554808,7200
525,ambon,-3.6954,128.1814,80.02,80.02,83,27,6.4,ID,1624554808,32400
526,sivas,39.7916,37.0019,63.23,63.23,72,20,13.8,TR,1624554809,10800
527,nouadhibou,20.931,-17.0347,67.82,67.82,79,6,27.4,MR,1624554809,0
528,guerrero,17.6667,-100.0,75.69,75.69,77,93,2.17,MX,1624554810,-18000
529,kindu,-2.95,25.95,79.97,79.97,51,53,2.04,CD,1624554810,7200
530,cheremshan,54.6667,51.5,73.74,73.74,75,21,2.71,RU,1624554811,10800
531,panjab,34.388,67.0233,56.07,56.07,28,29,7.74,AF,1624554811,16200
532,iberia,29.9502,-91.7507,87.4,88.99,74,75,12.66,US,1624554633,-18000
533,canturay,9.8019,122.4569,78.22,78.22,81,100,2.59,PH,1624554812,28800
534,fort-shevchenko,44.5086,50.263,84.6,84.6,40,3,12.35,KZ,1624554812,18000
535,quime,-16.9833,-67.2167,62.51,62.51,19,40,7.25,BO,1624554813,-14400
536,vanavara,60.34,102.2797,57.25,57.25,94,100,7.9,RU,1624554813,25200
537,hangu,39.2489,117.7892,73.44,73.44,75,100,7.78,CN,1624554814,28800
538,kachug,53.9606,105.8817,54.7,54.7,96,54,4.56,RU,1624554814,28800
539,muriti,-1.9833,32.9167,72.86,72.86,62,3,8.68,TZ,1624554814,10800
540,medea,36.2642,2.7539,68.45,68.45,58,11,9.69,DZ,1624554815,3600
541,quatre cocos,-20.2078,57.7625,68.09,68.09,56,90,13.11,MU,1624554815,14400
542,bilma,18.6853,12.9164,104.29,104.29,8,69,13.15,NE,1624554816,3600
543,mayya,61.7333,130.2811,56.52,56.52,97,21,3.36,RU,1624554816,32400
544,hovd,48.0056,91.6419,62.96,62.96,35,94,10.42,MN,1624554817,25200
545,salina cruz,16.1667,-95.2,85.78,85.78,63,66,8.86,MX,1624554817,-18000
546,sorland,67.667,12.6934,50.07,50.07,81,100,14.61,NO,1624554819,7200
547,kiama,-34.6833,150.8667,51.85,55.99,84,21,1.01,AU,1624554648,36000
548,tagusao,9.1924,117.8141,79.45,79.45,83,100,2.95,PH,1624554819,28800
549,aniva,46.7144,142.5294,55.85,55.85,96,49,4.09,RU,1624554820,39600
550,iwanai,42.9744,140.5089,59.23,59.23,97,96,2.68,JP,1624554820,32400
551,petropavlovsk-kamchatskiy,53.0452,158.6483,47.1,47.1,80,76,12.62,RU,1624554821,43200
552,shingu,33.7333,135.9833,71.91,71.91,88,100,3.04,JP,1624554821,32400
553,birjand,32.8663,59.2211,73.08,73.08,15,0,18.43,IR,1624554822,16200
554,gornopravdinsk,60.05,69.9,58.15,58.15,59,70,6.85,RU,1624554822,18000
555,bundaberg,-24.85,152.35,66.22,66.22,95,95,1.01,AU,1624554822,36000
556,lahad datu,5.0268,118.327,76.57,76.57,89,100,0.07,MY,1624554823,28800
557,muros,42.7762,-9.0603,78.76,84.16,45,6,14.99,ES,1624554823,7200
558,palu,-0.8917,119.8707,74.98,74.98,96,89,2.77,ID,1624554824,28800
559,kulhudhuffushi,6.6221,73.07,82.45,82.45,77,87,17.69,MV,1624554824,18000
560,gbarnga,6.9956,-9.4722,74.93,74.93,92,95,2.13,LR,1624554824,0
561,puerto el triunfo,13.2833,-88.55,88.5,90.52,68,100,7.11,SV,1624554825,-21600
562,poum,-20.2333,164.0167,72.45,72.45,68,40,19.95,NC,1624554825,39600
563,labytnangi,66.6572,66.4183,54.16,54.16,55,5,13.24,RU,1624554826,18000
564,pecos,31.4229,-103.4932,92.32,93.29,29,44,4.61,US,1624554826,-18000
565,chesterton,41.6106,-87.0642,77.45,81.14,57,40,19.57,US,1624554827,-18000
566,great falls,47.5002,-111.3008,73.87,74.59,48,75,3.44,US,1624554565,-21600
567,lakes entrance,-37.8811,147.981,52.81,52.81,72,58,8.72,AU,1624554827,36000
568,sambava,-14.2667,50.1667,71.31,71.31,84,32,11.39,MG,1624554828,10800
569,annamalainagar,11.4,79.7333,84.76,84.76,70,99,19.3,IN,1624554828,19800
570,veraval,20.9,70.3667,84.54,84.54,75,89,15.41,IN,1624554828,19800
571,krasnovishersk,60.4078,57.082,65.59,65.59,97,94,1.36,RU,1624554829,18000
572,baykit,61.67,96.37,57.49,57.49,99,100,2.68,RU,1624554829,25200
573,port-gentil,-0.7193,8.7815,76.68,76.68,84,93,12.93,GA,1624554830,3600
574,anloga,5.7947,0.8973,81.12,81.12,72,68,9.31,GH,1624554830,0
575,bambanglipuro,-7.95,110.2833,60.6,60.6,90,91,4.92,ID,1624554831,25200
576,muisne,0.6,-80.0333,82.51,82.51,82,97,16.17,EC,1624554831,-18000
577,koroni,36.8,21.95,82.11,86.07,65,0,3.04,GR,1624554832,10800
578,laramie,41.3114,-105.5911,73.0,74.08,26,1,1.99,US,1624554832,-21600
579,dakoro,14.5106,6.765,98.04,98.04,21,46,11.56,NE,1624554833,3600
580,ambilobe,-13.2,49.05,69.62,69.62,75,5,3.36,MG,1624554833,10800
581,monte carmelo,-18.7247,-47.4986,81.36,81.36,30,20,7.87,BR,1624554563,-10800
582,lahan,26.7296,86.4951,81.93,81.93,78,14,6.04,NP,1624554833,20700
583,belyy yar,53.6039,91.3903,55.29,55.29,88,40,2.24,RU,1624554834,25200
584,vigrestad,58.5667,5.7,58.96,61.97,87,100,8.52,NO,1624554834,7200
585,mocuba,-16.8392,36.9856,71.28,71.28,69,41,5.46,MZ,1624554835,7200
586,isangel,-19.55,169.2667,71.51,71.51,63,45,16.75,VU,1624554835,39600
587,yekaterinovka,52.0508,44.3451,76.96,76.96,66,15,6.08,RU,1624554836,14400
588,pozo colorado,-23.4923,-58.7972,76.05,76.05,64,99,8.05,PY,1624554836,-14400
